,Unnamed: 0,Unnamed: 0.1,text,Stopword,grup
5,369,369,bts jimin declared himself the worst player after his self sabotage ,"['bts', 'jimin', 'declared', 'worst', 'player', 'self', 'sabotage']",bts
6,370,370,bts ultra practical suga turned their game into an economy lesson ,"['bts', 'ultra', 'practical', 'suga', 'turned', 'game', 'economy', 'lesson']",bts
7,371,371,bts jungkook used charades to say an unmentionable word ,"['bts', 'jungkook', 'used', 'charades', 'say', 'unmentionable', 'word']",bts
10,374,374,when bts jhope says do this even suga can say no ,"['bts', 'jhope', 'says', 'even', 'suga', 'say']",bts
12,376,376,bts jhope explained that no he isn flying low it just fashion ,"['bts', 'jhope', 'explained', 'flying', 'low', 'fashion']",bts
21,385,385,bts jin and rm once ditched practice to catch pokemon ,"['bts', 'jin', 'rm', 'ditched', 'practice', 'catch', 'pokemon']",bts
22,386,386,the mystery of bts sunflowers has finally been solved ,"['mystery', 'bts', 'sunflowers', 'finally', 'solved']",bts
24,388,388,bts jin is reeling lee hyun back into his fishing squad ,"['bts', 'jin', 'reeling', 'lee', 'hyun', 'back', 'fishing', 'squad']",bts
32,396,396,bts reveals why they named their upcoming album and all the lessons learnt since debut ,"['bts', 'reveals', 'named', 'upcoming', 'album', 'lessons', 'learnt', 'since', 'debut']",bts
34,398,398, foreign celebrities who were spotted with bt merch ,"['foreign', 'celebrities', 'spotted', 'bt', 'merch']",bts
38,402,402,bts jin believes shoes are mankind greatest invention ,"['bts', 'jin', 'believes', 'shoes', 'mankind', 'greatest', 'invention']",bts
45,409,409,here song covers done by bts jungkook ,"['song', 'covers', 'done', 'bts', 'jungkook']",bts
47,411,411,new idol group dkb reveals their goal is to be like bts ,"['new', 'idol', 'group', 'dkb', 'reveals', 'goal', 'like', 'bts']",bts
49,413,413,here are messages from bts rm that will warm your heart ,"['messages', 'bts', 'rm', 'warm', 'heart']",bts
51,415,415,bts rm and exo suho talk about the responsibilities and difficulties of being the leader ,"['bts', 'rm', 'exo', 'suho', 'talk', 'responsibilities', 'difficulties', 'leader']",bts
54,418,418, photos that prove btss jhope is boyfriend material ,"['photos', 'prove', 'btss', 'jhope', 'boyfriend', 'material']",bts
57,421,421, times bts rm was the clumsiest idol on stage ,"['times', 'bts', 'rm', 'clumsiest', 'idol', 'stage']",bts
58,422,422, bts songs that feature big hit female producer adora ,"['bts', 'songs', 'feature', 'big', 'hit', 'female', 'producer', 'adora']",bts
60,424,424,rm once revealed the contents of his wallet and was informed what it says about his brain ,"['rm', 'revealed', 'contents', 'wallet', 'informed', 'says', 'brain']",bts
65,429,429,here photos of bts being sleeping beauties ,"['photos', 'bts', 'sleeping', 'beauties']",bts
69,433,433,gfriend opens up about possible collab with bts now that their agencies have joined ,"['gfriend', 'opens', 'possible', 'collab', 'bts', 'agencies', 'joined']",bts
74,438,438,here how bts rap line outlook on life differs as shown in their own lyrics ,"['bts', 'rap', 'line', 'outlook', 'life', 'differs', 'shown', 'lyrics']",bts
78,442,442,excusing yourself watch and learn how bts jin tried to ditch his workout ,"['excusing', 'watch', 'learn', 'bts', 'jin', 'tried', 'ditch', 'workout']",bts
80,444,444,bts benefits side effects and the warning labels they need ,"['bts', 'benefits', 'side', 'effects', 'warning', 'labels', 'need']",bts
84,448,448,bts jungkook knows how to drive fans wild spoiler fake stripping ,"['bts', 'jungkook', 'knows', 'drive', 'fans', 'wild', 'spoiler', 'fake', 'stripping']",bts
88,452,452,jackson love for rm made him get sidetracked in an interview ,"['jackson', 'love', 'rm', 'made', 'get', 'sidetracked', 'interview']",bts
94,458,458, of the best viral egochallenge videos army amp bts versions ,"['best', 'viral', 'egochallenge', 'videos', 'army', 'amp', 'bts', 'versions']",bts
98,462,462,here are the big hit family heights for bts txt and lee hyun ,"['big', 'hit', 'family', 'heights', 'bts', 'txt', 'lee', 'hyun']",bts
100,464,464,bts suga reunites with american singer max at lakers game ,"['bts', 'suga', 'reunites', 'american', 'singer', 'max', 'lakers', 'game']",bts
102,466,466, times bts rm had no idea what he doing ,"['times', 'bts', 'rm', 'idea']",bts
104,468,468, meme tweets about bts txt and lee hyun family photoshoot ,"['meme', 'tweets', 'bts', 'txt', 'lee', 'hyun', 'family', 'photoshoot']",bts
106,470,470,bts jungkook and jin vs jimin and v here how to stretch your best ,"['bts', 'jungkook', 'jin', 'vs', 'jimin', 'v', 'stretch', 'best']",bts
111,475,475,grammy award winning singer rosal unknowingly reps bts with bt merch ,"['grammy', 'award', 'winning', 'singer', 'rosal', 'unknowingly', 'reps', 'bts', 'bt', 'merch']",bts
117,481,481,bts rm has jaw dropping body here proof ,"['bts', 'rm', 'jaw', 'dropping', 'body', 'proof']",bts
120,484,484,sam hammington thanks bts v for mentioning william and bentley ,"['sam', 'hammington', 'thanks', 'bts', 'v', 'mentioning', 'william', 'bentley']",bts
132,496,496,armys are pro at finding all the details in bts outro ego comeback trailer ,"['armys', 'pro', 'finding', 'details', 'bts', 'outro', 'ego', 'comeback', 'trailer']",bts
138,502,502,lyrics from suga that prove he was inspirational and savage even pre debut ,"['lyrics', 'suga', 'prove', 'inspirational', 'savage', 'even', 'pre', 'debut']",bts
141,505,505,bts drops jhope outro ego comeback trailer ,"['bts', 'drops', 'jhope', 'outro', 'ego', 'comeback', 'trailer']",bts
142,506,506, tik tok users who bear an uncanny resemblance to bts members ,"['tik', 'tok', 'users', 'bear', 'uncanny', 'resemblance', 'bts', 'members']",bts
145,509,509,a member of bts might appear on the masked singer j media hopes for jimin ,"['member', 'bts', 'might', 'appear', 'masked', 'singer', 'j', 'media', 'hopes', 'jimin']",bts
157,521,521,here photos of bts rockin the classic blonde hairstyle ,"['photos', 'bts', 'rockin', 'classic', 'blonde', 'hairstyle']",bts
160,524,524,bts v reveals his best facial features let us review them one by one ,"['bts', 'v', 'reveals', 'best', 'facial', 'features', 'let', 'us', 'review', 'one', 'one']",bts
163,527,527,bts suga is poppin on twitter and fans are loving it ,"['bts', 'suga', 'poppin', 'twitter', 'fans', 'loving']",bts
165,529,529,bts jungkook once cried after making mistake no one knew about ,"['bts', 'jungkook', 'cried', 'making', 'mistake', 'one', 'knew']",bts
167,531,531,how well do you know bts features take this quiz to find out ,"['well', 'know', 'bts', 'features', 'take', 'quiz', 'find']",bts
169,533,533,bts rm once took revenge on brave brothers for his beloved bang pd nim ,"['bts', 'rm', 'took', 'revenge', 'brave', 'brothers', 'beloved', 'bang', 'pd', 'nim']",bts
190,554,554,big hit releases the family photoshoot of bts lee hyun and txt everyone needed ,"['big', 'hit', 'releases', 'family', 'photoshoot', 'bts', 'lee', 'hyun', 'txt', 'everyone', 'needed']",bts
200,564,564,just gifs of bts cracking up by themselves to make you feel left out af ,"['gifs', 'bts', 'cracking', 'make', 'feel', 'left', 'af']",bts
202,566,566,legendary actor park yeonggyu gives bts ultimate praise ,"['legendary', 'actor', 'park', 'yeonggyu', 'gives', 'bts', 'ultimate', 'praise']",bts
213,577,577,bts suga surprised maknae jungkook with thoughtful gift and armys can handle the uwu ,"['bts', 'suga', 'surprised', 'maknae', 'jungkook', 'thoughtful', 'gift', 'armys', 'handle', 'uwu']",bts
214,578,578, times mamamoo totally unleashed their inner bts fangirls ,"['times', 'mamamoo', 'totally', 'unleashed', 'inner', 'bts', 'fangirls']",bts
220,584,584,buying bts concert tickets in here everything you need to know ,"['buying', 'bts', 'concert', 'tickets', 'everything', 'need', 'know']",bts
231,595,595, more bts memes that deserve standing ovation ,"['bts', 'memes', 'deserve', 'standing', 'ovation']",bts
238,602,602,bts jin revealed what kind of roles he would want as an actor ,"['bts', 'jin', 'revealed', 'kind', 'roles', 'would', 'want', 'actor']",bts
246,610,610,in honor of btss time for kids cover lets celebrate times army supported charities ,"['honor', 'btss', 'time', 'kids', 'cover', 'lets', 'celebrate', 'times', 'army', 'supported', 'charities']",bts
248,612,612,bts rm is making the most of his free time in los angeles ,"['bts', 'rm', 'making', 'free', 'time', 'los', 'angeles']",bts
251,615,615, wise quotes from btss jin to keep you going when life gets hard ,"['wise', 'quotes', 'btss', 'jin', 'keep', 'going', 'life', 'gets', 'hard']",bts
256,620,620, photos that prove that bts v is the king of side profiles ,"['photos', 'prove', 'bts', 'v', 'king', 'side', 'profiles']",bts
257,621,621,bts suga posts photo with rapper logic now we all want collab ,"['bts', 'suga', 'posts', 'photo', 'rapper', 'logic', 'want', 'collab']",bts
258,622,622,this army likes bts v so much she asking for help to get married to him ,"['army', 'likes', 'bts', 'v', 'much', 'asking', 'help', 'get', 'married']",bts
259,623,623,johnny stimson shares his gratitude for bts v cover of his song ,"['johnny', 'stimson', 'shares', 'gratitude', 'bts', 'v', 'cover', 'song']",bts
261,625,625,plastic surgeon reveals bts v eyes are actually impossible to create with surgery ,"['plastic', 'surgeon', 'reveals', 'bts', 'v', 'eyes', 'actually', 'impossible', 'create', 'surgery']",bts
263,627,627,bts jin once wanted to be like actor kim nam gil now kim nam gil wants to hang out ,"['bts', 'jin', 'wanted', 'like', 'actor', 'kim', 'nam', 'gil', 'kim', 'nam', 'gil', 'wants', 'hang']",bts
275,639,639,bts confirmed to perform at the fact music awards for their nd consecutive year ,"['bts', 'confirmed', 'perform', 'fact', 'music', 'awards', 'nd', 'consecutive', 'year']",bts
277,641,641,bts hyungs couldn keep their hands off jimin and it only so relatable ,"['bts', 'hyungs', 'keep', 'hands', 'jimin', 'relatable']",bts
283,647,647, times bts jimin went viral with locals on social media ,"['times', 'bts', 'jimin', 'went', 'viral', 'locals', 'social', 'media']",bts
285,649,649,the stories behind jungkook iconic mad as hell but hot af performance ,"['stories', 'behind', 'jungkook', 'iconic', 'mad', 'hell', 'hot', 'af', 'performance']",bts
287,651,651,a homeless man gave bts advice that they re still following years later ,"['homeless', 'man', 'gave', 'bts', 'advice', 'still', 'following', 'years', 'later']",bts
291,655,655, times bts jimin made us fall for his shy side ,"['times', 'bts', 'jimin', 'made', 'us', 'fall', 'shy', 'side']",bts
292,656,656,these bed selfies will make you wish btss suga was your cuddle buddy ,"['bed', 'selfies', 'make', 'wish', 'btss', 'suga', 'cuddle', 'buddy']",bts
300,664,664,meet the brazilian choreographer behind bts black swan dance ,"['meet', 'brazilian', 'choreographer', 'behind', 'bts', 'black', 'swan', 'dance']",bts
303,667,667, liners jungkook cha eunwoo jaehyun yugyeom and mingyu went out for hotdogs together ,"['liners', 'jungkook', 'cha', 'eunwoo', 'jaehyun', 'yugyeom', 'mingyu', 'went', 'hotdogs', 'together']",bts
304,668,668,bts v latest playlist great songs to add to your own ,"['bts', 'v', 'latest', 'playlist', 'great', 'songs', 'add']",bts
308,672,672,these are officially the most underappreciated bts tracks from love yourself era ,"['officially', 'underappreciated', 'bts', 'tracks', 'love', 'era']",bts
318,682,682,bts black swan performance hits over views in just one day ,"['bts', 'black', 'swan', 'performance', 'hits', 'views', 'one', 'day']",bts
320,684,684,bts suga tried his best to make rm lose but was shocked he failed ,"['bts', 'suga', 'tried', 'best', 'make', 'rm', 'lose', 'shocked', 'failed']",bts
321,685,685, times bts rm said not today to answering sensitive interview questions ,"['times', 'bts', 'rm', 'said', 'today', 'answering', 'sensitive', 'interview', 'questions']",bts
322,686,686,bts jungkook sheds tears as he reads heartfelt letter to armys ,"['bts', 'jungkook', 'sheds', 'tears', 'reads', 'heartfelt', 'letter', 'armys']",bts
324,688,688, reasons why bts may have used autotune for black swan according to fan tybutdisagree ,"['reasons', 'bts', 'may', 'used', 'autotune', 'black', 'swan', 'according', 'fan', 'tybutdisagree']",bts
334,698,698,lauv hints at new track featuring bts releasing this march ,"['lauv', 'hints', 'new', 'track', 'featuring', 'bts', 'releasing', 'march']",bts
335,699,699, pop fans thank james corden for the legendary stage and camerawork for bts ,"['pop', 'fans', 'thank', 'james', 'corden', 'legendary', 'stage', 'camerawork', 'bts']",bts
337,701,701,armys are loving bts efforts to speak more english during interviews ,"['armys', 'loving', 'bts', 'efforts', 'speak', 'english', 'interviews']",bts
340,704,704,bts bermuda unit is back at it again on james corden the late late show ,"['bts', 'bermuda', 'unit', 'back', 'james', 'corden', 'late', 'late', 'show']",bts
341,705,705,bts jhope and v beauty tips here how to get better skin ,"['bts', 'jhope', 'v', 'beauty', 'tips', 'get', 'better', 'skin']",bts
342,706,706, details in bts black swan choreography that show jimin dancer gene ,"['details', 'bts', 'black', 'swan', 'choreography', 'show', 'jimin', 'dancer', 'gene']",bts
343,707,707,bts v and jhope share how james corden made them feel at ease ,"['bts', 'v', 'jhope', 'share', 'james', 'corden', 'made', 'feel', 'ease']",bts
345,709,709,bts jhope handled his black swan stage accident like pro ,"['bts', 'jhope', 'handled', 'black', 'swan', 'stage', 'accident', 'like', 'pro']",bts
347,711,711,bts jin v and jhope handle on stage mistakes in very different ways ,"['bts', 'jin', 'v', 'jhope', 'handle', 'stage', 'mistakes', 'different', 'ways']",bts
348,712,712,bts army raises over and counting for childrens charity to thank james corden ,"['bts', 'army', 'raises', 'counting', 'childrens', 'charity', 'thank', 'james', 'corden']",bts
349,713,713,tvn apologizes for tv hosts remarks about bts jungkook and jhope ,"['tvn', 'apologizes', 'tv', 'hosts', 'remarks', 'bts', 'jungkook', 'jhope']",bts
352,716,716,analysis shows what each bts members handwriting says about their personality ,"['analysis', 'shows', 'bts', 'members', 'handwriting', 'says', 'personality']",bts
354,718,718,ashton kutcher threw bts jin over his shoulders like sack of potatoes ,"['ashton', 'kutcher', 'threw', 'bts', 'jin', 'shoulders', 'like', 'sack', 'potatoes']",bts
359,723,723,bts rm keeps dropping the same hint for their upcoming album ,"['bts', 'rm', 'keeps', 'dropping', 'hint', 'upcoming', 'album']",bts
360,724,724,bts jungkook proves he a stealth master at hide and seek ,"['bts', 'jungkook', 'proves', 'stealth', 'master', 'hide', 'seek']",bts
361,725,725,bts jin compares his visuals to top hollywood celebrities ,"['bts', 'jin', 'compares', 'visuals', 'top', 'hollywood', 'celebrities']",bts
363,727,727,recent shots of bts jungkook stir up the internet for proving his potential to be runway model ,"['recent', 'shots', 'bts', 'jungkook', 'stir', 'internet', 'proving', 'potential', 'runway', 'model']",bts
364,728,728, flying kisses from bts jin to make your heart flutter ,"['flying', 'kisses', 'bts', 'jin', 'make', 'heart', 'flutter']",bts
366,730,730,son seung yeon says bts v went up to her and asked for her number ,"['son', 'seung', 'yeon', 'says', 'bts', 'v', 'went', 'asked', 'number']",bts
374,738,738,bts perform black swan for the first time on james corden the late late show ,"['bts', 'perform', 'black', 'swan', 'first', 'time', 'james', 'corden', 'late', 'late', 'show']",bts
380,744,744,here a list of items bts jungkook has bought and tested ,"['list', 'items', 'bts', 'jungkook', 'bought', 'tested']",bts
382,746,746,james corden brings surprise gift to armys waiting for the show ,"['james', 'corden', 'brings', 'surprise', 'gift', 'armys', 'waiting', 'show']",bts
384,748,748,bts adds another show to their map of the soul world tour ,"['bts', 'adds', 'another', 'show', 'map', 'soul', 'world', 'tour']",bts
389,753,753,bts reveals how they met up with ariana grande ,"['bts', 'reveals', 'met', 'ariana', 'grande']",bts
393,757,757,bts jhope tried to use suga logic to his advantage ,"['bts', 'jhope', 'tried', 'use', 'suga', 'logic', 'advantage']",bts
396,760,760,bts jin scolded for congratulating their opponents ,"['bts', 'jin', 'scolded', 'congratulating', 'opponents']",bts
397,761,761,polish tv show under fire for remarks about bts jungkook and j hope ,"['polish', 'tv', 'show', 'fire', 'remarks', 'bts', 'jungkook', 'j', 'hope']",bts
402,766,766,bts jimin has special skill charming every host he meets ,"['bts', 'jimin', 'special', 'skill', 'charming', 'every', 'host', 'meets']",bts
406,770,770,epik high tablo shares funny story about bts suga and rm ,"['epik', 'high', 'tablo', 'shares', 'funny', 'story', 'bts', 'suga', 'rm']",bts
408,772,772,bts jin fanboy love for brad pitt is still going strong ,"['bts', 'jin', 'fanboy', 'love', 'brad', 'pitt', 'still', 'going', 'strong']",bts
412,776,776,big hit entertainment clarifies bts rm little blunder on iheartradio live ,"['big', 'hit', 'entertainment', 'clarifies', 'bts', 'rm', 'little', 'blunder', 'iheartradio', 'live']",bts
427,791,791,ariana grande screamed when she watched btss rehearsals ,"['ariana', 'grande', 'screamed', 'watched', 'btss', 'rehearsals']",bts
437,801,801,touching gesture rm did when bts won this specific award ,"['touching', 'gesture', 'rm', 'bts', 'specific', 'award']",bts
440,804,804,this is bts vs billion krw luxury apartment view ,"['bts', 'vs', 'billion', 'krw', 'luxury', 'apartment', 'view']",bts
455,819,819,bts reveals how they overcome the negativity from haters ,"['bts', 'reveals', 'overcome', 'negativity', 'haters']",bts
456,820,820,bts jimin awkward grammys moment with dj khaled is relatable af ,"['bts', 'jimin', 'awkward', 'grammys', 'moment', 'dj', 'khaled', 'relatable', 'af']",bts
457,821,821,bts paid their respects to the late kobe bryant at the grammys ,"['bts', 'paid', 'respects', 'late', 'kobe', 'bryant', 'grammys']",bts
459,823,823,bts totally stressed out grammys announcer before the show ,"['bts', 'totally', 'stressed', 'grammys', 'announcer', 'show']",bts
461,825,825,these gorgeous army bomb customizations will make you jealous of fans talent ,"['gorgeous', 'army', 'bomb', 'customizations', 'make', 'jealous', 'fans', 'talent']",bts
463,827,827,bts grammy performance was just as much of surprise to them as it was to fans ,"['bts', 'grammy', 'performance', 'much', 'surprise', 'fans']",bts
466,830,830,bts shy boy made heartwarming wish after the grammys ,"['bts', 'shy', 'boy', 'made', 'heartwarming', 'wish', 'grammys']",bts
470,834,834,bts v has all the locals asking who is the man in black ,"['bts', 'v', 'locals', 'asking', 'man', 'black']",bts
472,836,836,bts totally forgot it was lunar new year until jin received game event notification ,"['bts', 'totally', 'forgot', 'lunar', 'new', 'year', 'jin', 'received', 'game', 'event', 'notification']",bts
473,837,837,bts spills on rm backstage habits following the grammys ,"['bts', 'spills', 'rm', 'backstage', 'habits', 'following', 'grammys']",bts
476,840,840,bts shares thoughts on their historic grammy performance with lil nas ,"['bts', 'shares', 'thoughts', 'historic', 'grammy', 'performance', 'lil', 'nas']",bts
488,852,852,bts talks about their upcoming album and also reveal all the collaborations they want to do ,"['bts', 'talks', 'upcoming', 'album', 'also', 'reveal', 'collaborations', 'want']",bts
506,870,870,naeun eden stopped in her tracks when she saw the prettiest bts members doll ,"['naeun', 'eden', 'stopped', 'tracks', 'saw', 'prettiest', 'bts', 'members', 'doll']",bts
526,890,890,jimin wore these scandalously sexy pants and fans didnt even notice ,"['jimin', 'wore', 'scandalously', 'sexy', 'pants', 'fans', 'didnt', 'even', 'notice']",bts
529,893,893,jin won trophy for being worldwide handsome so now its official ,"['jin', 'trophy', 'worldwide', 'handsome', 'official']",bts
530,894,894,actor lee won geun revealed what btss jin was like in college ,"['actor', 'lee', 'geun', 'revealed', 'btss', 'jin', 'like', 'college']",bts
535,899,899,btss joined armys chatroom and ended up getting scolded ,"['btss', 'joined', 'armys', 'chatroom', 'ended', 'getting', 'scolded']",bts
538,902,902,bts v winter bear hits million streams on soundcloud here why it a big deal ,"['bts', 'v', 'winter', 'bear', 'hits', 'million', 'streams', 'soundcloud', 'big', 'deal']",bts
539,903,903,bts rm fly was down so he boldly zipped it up on national television ,"['bts', 'rm', 'fly', 'boldly', 'zipped', 'national', 'television']",bts
540,904,904, gifs of bts hyungs petting jungkook because they can ,"['gifs', 'bts', 'hyungs', 'petting', 'jungkook']",bts
542,906,906, times bts j hope made it look like he casting spell on the members ,"['times', 'bts', 'j', 'hope', 'made', 'look', 'like', 'casting', 'spell', 'members']",bts
549,913,913,the boyz younghoon unleashed his inner army when he spotted bts standee ,"['boyz', 'younghoon', 'unleashed', 'inner', 'army', 'spotted', 'bts', 'standee']",bts
561,925,925,find yourself friend who will protect you like bts jin protects rm ,"['find', 'friend', 'protect', 'like', 'bts', 'jin', 'protects', 'rm']",bts
564,928,928, stages where bts left the audience speechless ,"['stages', 'bts', 'left', 'audience', 'speechless']",bts
570,934,934,check out the river view from bts v new not so humble abode ,"['check', 'river', 'view', 'bts', 'v', 'new', 'humble', 'abode']",bts
580,944,944,bts was treated like backup dancers in the grammys and armys are furious ,"['bts', 'treated', 'like', 'backup', 'dancers', 'grammys', 'armys', 'furious']",bts
598,962,962,bts jin gets praised for spreading self compassion in korean society ,"['bts', 'jin', 'gets', 'praised', 'spreading', 'self', 'compassion', 'korean', 'society']",bts
600,964,964,proof that bts looks good in any hair color ,"['proof', 'bts', 'looks', 'good', 'hair', 'color']",bts
601,965,965, bts photos that fry my bacon let meme it ,"['bts', 'photos', 'fry', 'bacon', 'let', 'meme']",bts
606,970,970,auction for bts microphones ends with jaw droppingly high bid ,"['auction', 'bts', 'microphones', 'ends', 'jaw', 'droppingly', 'high', 'bid']",bts
611,975,975,bts jin reacts to his trainer worldwide shoulders measurements ,"['bts', 'jin', 'reacts', 'trainer', 'worldwide', 'shoulders', 'measurements']",bts
615,979,979,bts really decided to prank member by leaving him behind alone ,"['bts', 'really', 'decided', 'prank', 'member', 'leaving', 'behind', 'alone']",bts
625,989,989,diplo calls for bts solo performance at the grammy awards ,"['diplo', 'calls', 'bts', 'solo', 'performance', 'grammy', 'awards']",bts
629,993,993,bts album is officially the first korean album to go platinum in the us ,"['bts', 'album', 'officially', 'first', 'korean', 'album', 'go', 'platinum', 'us']",bts
637,1001,1001, busan students receive bts jimin scholarships thanks to army ,"['busan', 'students', 'receive', 'bts', 'jimin', 'scholarships', 'thanks', 'army']",bts
654,1018,1018, times photos proved that bts suga is an actual cat ,"['times', 'photos', 'proved', 'bts', 'suga', 'actual', 'cat']",bts
655,1019,1019,btss love yourself answer becomes the first k pop album to be certified platinum by riaa ,"['btss', 'love', 'answer', 'becomes', 'first', 'k', 'pop', 'album', 'certified', 'platinum', 'riaa']",bts
656,1020,1020,female kpop idol reveals what bts is like behind the scenes ,"['female', 'kpop', 'idol', 'reveals', 'bts', 'like', 'behind', 'scenes']",bts
667,1031,1031, of bts jungkook wishes that came true in years ,"['bts', 'jungkook', 'wishes', 'came', 'true', 'years']",bts
670,1034,1034,bts jungkook is now the singer he dreamed of becoming in ,"['bts', 'jungkook', 'singer', 'dreamed', 'becoming']",bts
671,1035,1035,news of bts grammy performance receives mixed reactions ,"['news', 'bts', 'grammy', 'performance', 'receives', 'mixed', 'reactions']",bts
676,1040,1040, times bts members became each other unofficial stylists ,"['times', 'bts', 'members', 'became', 'unofficial', 'stylists']",bts
677,1041,1041, times btss went viral with locals on social media ,"['times', 'btss', 'went', 'viral', 'locals', 'social', 'media']",bts
678,1042,1042,v named bts cutest member and it might not be who youre expecting ,"['v', 'named', 'bts', 'cutest', 'member', 'might', 'youre', 'expecting']",bts
683,1047,1047, slang words bts probably learned from army ,"['slang', 'words', 'bts', 'probably', 'learned', 'army']",bts
684,1048,1048,update bts confirmed to perform with lil nas at the grammy awards ,"['update', 'bts', 'confirmed', 'perform', 'lil', 'nas', 'grammy', 'awards']",bts
687,1051,1051, reasons why bts v is absolute boyfriend material ,"['reasons', 'bts', 'v', 'absolute', 'boyfriend', 'material']",bts
699,1063,1063,the floor marks prove just how hard bts practices for their fans ,"['floor', 'marks', 'prove', 'hard', 'bts', 'practices', 'fans']",bts
700,1064,1064,bts jungkook car accident case not to go forward with prosecution ,"['bts', 'jungkook', 'car', 'accident', 'case', 'go', 'forward', 'prosecution']",bts
706,1070,1070,things to note about bts map of the soul world tour dates ,"['things', 'note', 'bts', 'map', 'soul', 'world', 'tour', 'dates']",bts
709,1073,1073,bts jungkook once cried to stop jhope from leaving the group ,"['bts', 'jungkook', 'cried', 'stop', 'jhope', 'leaving', 'group']",bts
714,1078,1078,welcome to bts v dance his hipster dance moves for taking the spotlight ,"['welcome', 'bts', 'v', 'dance', 'hipster', 'dance', 'moves', 'taking', 'spotlight']",bts
716,1080,1080,v skillfully dodged spoiler about bts tour ,"['v', 'skillfully', 'dodged', 'spoiler', 'bts', 'tour']",bts
718,1082,1082,bts jungkook couldn help running his hands all over v armys can relate ,"['bts', 'jungkook', 'help', 'running', 'hands', 'v', 'armys', 'relate']",bts
719,1083,1083,bts v just turned himself into the next viral meme ,"['bts', 'v', 'turned', 'next', 'viral', 'meme']",bts
722,1086,1086,bts v and jungkook have very different philosophies about drinking on camera ,"['bts', 'v', 'jungkook', 'different', 'philosophies', 'drinking', 'camera']",bts
724,1088,1088,these bts fans had the worst luck ever try not to laugh ,"['bts', 'fans', 'worst', 'luck', 'ever', 'try', 'laugh']",bts
726,1090,1090,sources say bts will perform with lil nas at the grammys ,"['sources', 'say', 'bts', 'perform', 'lil', 'nas', 'grammys']",bts
727,1091,1091, bts black swan photo edits and artworks that will leave you breathless ,"['bts', 'black', 'swan', 'photo', 'edits', 'artworks', 'leave', 'breathless']",bts
733,1097,1097,bts v and jungkook cheered up pengsoo when he was feeling blue ,"['bts', 'v', 'jungkook', 'cheered', 'pengsoo', 'feeling', 'blue']",bts
737,1101,1101,bts drops new black swan behind the scenes photos ,"['bts', 'drops', 'new', 'black', 'swan', 'behind', 'scenes', 'photos']",bts
745,1109,1109,bts v loves one specific shirt so much he keeps reusing it ,"['bts', 'v', 'loves', 'one', 'specific', 'shirt', 'much', 'keeps', 'reusing']",bts
746,1110,1110,btss loved this armys song recommendation so much he even played it on vlive ,"['btss', 'loved', 'armys', 'song', 'recommendation', 'much', 'even', 'played', 'vlive']",bts
749,1113,1113,bts v plays the piano for fans during his first live broadcast of ,"['bts', 'v', 'plays', 'piano', 'fans', 'first', 'live', 'broadcast']",bts
752,1116,1116,bts rm and jhope join suga as full members of the korean music copyright association ,"['bts', 'rm', 'jhope', 'join', 'suga', 'full', 'members', 'korean', 'music', 'copyright', 'association']",bts
753,1117,1117,bts is nominated for major awards in the korean music awards ,"['bts', 'nominated', 'major', 'awards', 'korean', 'music', 'awards']",bts
755,1119,1119, awkward moments that just makes us love bts rm even more ,"['awkward', 'moments', 'makes', 'us', 'love', 'bts', 'rm', 'even']",bts
759,1123,1123,singer halsey felt the most connected to bts suga after listening to his music ,"['singer', 'halsey', 'felt', 'connected', 'bts', 'suga', 'listening', 'music']",bts
761,1125,1125,a breakdown of the music behind bts black swan art film version ,"['breakdown', 'music', 'behind', 'bts', 'black', 'swan', 'art', 'film', 'version']",bts
764,1128,1128,mn dance company talks about their experience collaborating with bts ,"['mn', 'dance', 'company', 'talks', 'experience', 'collaborating', 'bts']",bts
766,1130,1130,bts announce official dates and locations for their map of the soul world tour ,"['bts', 'announce', 'official', 'dates', 'locations', 'map', 'soul', 'world', 'tour']",bts
772,1136,1136,bts first lightstick looked nothing like the army bomb ,"['bts', 'first', 'lightstick', 'looked', 'nothing', 'like', 'army', 'bomb']",bts
773,1137,1137,bts jimin high school teacher opposed his idol dreams at first ,"['bts', 'jimin', 'high', 'school', 'teacher', 'opposed', 'idol', 'dreams', 'first']",bts
774,1138,1138,welcome to the bts gun show admission is free ,"['welcome', 'bts', 'gun', 'show', 'admission', 'free']",bts
777,1141,1141,bts jimin insists his arms are not short but can he prove it ,"['bts', 'jimin', 'insists', 'arms', 'short', 'prove']",bts
781,1145,1145,live nation reportedly leaked bts ticket sale dates for tour ,"['live', 'nation', 'reportedly', 'leaked', 'bts', 'ticket', 'sale', 'dates', 'tour']",bts
786,1150,1150,bts tour billboards are popping up in the us ,"['bts', 'tour', 'billboards', 'popping', 'us']",bts
787,1151,1151,bts names mysteriously light up the rogers centre in toronto ,"['bts', 'names', 'mysteriously', 'light', 'rogers', 'centre', 'toronto']",bts
797,1161,1161, bts memes that are so hilarious they deserve round of applause ,"['bts', 'memes', 'hilarious', 'deserve', 'round', 'applause']",bts
802,1166,1166,bts jungkook mentions the time he saw jhope the angriest he ever been ,"['bts', 'jungkook', 'mentions', 'time', 'saw', 'jhope', 'angriest', 'ever']",bts
809,1173,1173,bts black swan is giving suga fans what they want hand holding ,"['bts', 'black', 'swan', 'giving', 'suga', 'fans', 'want', 'hand', 'holding']",bts
811,1175,1175,bts jimin former classmates shared their memories about him ,"['bts', 'jimin', 'former', 'classmates', 'shared', 'memories']",bts
812,1176,1176,bts jungkook hyung tried to become part of txt team ,"['bts', 'jungkook', 'hyung', 'tried', 'become', 'part', 'txt', 'team']",bts
816,1180,1180,blackpink twice and bts music videos were once illegitimately removed from youtube ,"['blackpink', 'twice', 'bts', 'music', 'videos', 'illegitimately', 'removed', 'youtube']",bts
817,1181,1181,theres one question really really wanted to ask jungkook and jimin ,"['theres', 'one', 'question', 'really', 'really', 'wanted', 'ask', 'jungkook', 'jimin']",bts
818,1182,1182,twice nayeon jokingly mistook seventeen mingyu as bts backup dancer ,"['twice', 'nayeon', 'jokingly', 'mistook', 'seventeen', 'mingyu', 'bts', 'backup', 'dancer']",bts
819,1183,1183, fun bts workouts for people who hate exercising ,"['fun', 'bts', 'workouts', 'people', 'hate', 'exercising']",bts
825,1189,1189,vs confession about being btss hidden member will break your heart ,"['vs', 'confession', 'btss', 'hidden', 'member', 'break', 'heart']",bts
828,1192,1192,bts v played goofy game of follow the leader with rm ,"['bts', 'v', 'played', 'goofy', 'game', 'follow', 'leader', 'rm']",bts
831,1195,1195,actor lee yi kyung explains why he doesn invite bts jin to his film screenings ,"['actor', 'lee', 'yi', 'kyung', 'explains', 'invite', 'bts', 'jin', 'film', 'screenings']",bts
832,1196,1196,bts reveals rehearsal photos for black swan choreography ,"['bts', 'reveals', 'rehearsal', 'photos', 'black', 'swan', 'choreography']",bts
834,1198,1198,bts pink jimin once went viral in countries at the same time ,"['bts', 'pink', 'jimin', 'went', 'viral', 'countries', 'time']",bts
835,1199,1199,bts v posts shockingly average videos of bestie choi woo shik to congratulate him on his award ,"['bts', 'v', 'posts', 'shockingly', 'average', 'videos', 'bestie', 'choi', 'woo', 'shik', 'congratulate', 'award']",bts
837,1201,1201,vip nation leaked unconfirmed bts tour dates for ,"['vip', 'nation', 'leaked', 'unconfirmed', 'bts', 'tour', 'dates']",bts
842,1206,1206,here is the true height and weight of each bts member google is wrong ,"['true', 'height', 'weight', 'bts', 'member', 'google', 'wrong']",bts
846,1210,1210,heres what bts jungkook looks like without makeup ,"['heres', 'bts', 'jungkook', 'looks', 'like', 'without', 'makeup']",bts
847,1211,1211, times bts drew their inspiration directly from greek mythology ,"['times', 'bts', 'drew', 'inspiration', 'directly', 'greek', 'mythology']",bts
850,1214,1214, reasons why txt are incredibly lucky to have bts as seniors ,"['reasons', 'txt', 'incredibly', 'lucky', 'bts', 'seniors']",bts
853,1217,1217,bts jimin remains grateful to old dance academy he attended before debut ,"['bts', 'jimin', 'remains', 'grateful', 'old', 'dance', 'academy', 'attended', 'debut']",bts
854,1218,1218,here a collection of bts jin being cute for your viewing pleasure ,"['collection', 'bts', 'jin', 'cute', 'viewing', 'pleasure']",bts
856,1220,1220,bts v and jin once fought over choreography before performing on stage ,"['bts', 'v', 'jin', 'fought', 'choreography', 'performing', 'stage']",bts
857,1221,1221, photos of bts making statement wearing slippers ,"['photos', 'bts', 'making', 'statement', 'wearing', 'slippers']",bts
864,1228,1228,btss jin and exos suho wearing the same suit is visual explosion ,"['btss', 'jin', 'exos', 'suho', 'wearing', 'suit', 'visual', 'explosion']",bts
876,1240,1240,bts couldn wrap their heads around the art film either but they believe in armys ,"['bts', 'wrap', 'heads', 'around', 'art', 'film', 'either', 'believe', 'armys']",bts
881,1245,1245,test yourself armys are trying out their bts knowledge with this ebs quiz show ,"['test', 'armys', 'trying', 'bts', 'knowledge', 'ebs', 'quiz', 'show']",bts
883,1247,1247,bts rm continues to grow out his hair here why and how it going ,"['bts', 'rm', 'continues', 'grow', 'hair', 'going']",bts
886,1250,1250,btss suga just told jimin to dance shirtless and his reaction was perfect ,"['btss', 'suga', 'told', 'jimin', 'dance', 'shirtless', 'reaction', 'perfect']",bts
893,1257,1257,bts jimins new silver gray hair is too hot to handle ,"['bts', 'jimins', 'new', 'silver', 'gray', 'hair', 'hot', 'handle']",bts
903,1267,1267,there are three types of men fashion as seen on bts jin rm and ,"['three', 'types', 'men', 'fashion', 'seen', 'bts', 'jin', 'rm']",bts
905,1269,1269,bts jimin cheeky reaction to question made this reporter panic pretty hard ,"['bts', 'jimin', 'cheeky', 'reaction', 'question', 'made', 'reporter', 'panic', 'pretty', 'hard']",bts
906,1270,1270,namjoon always uses gender neutral pronouns and we love it ,"['namjoon', 'always', 'uses', 'gender', 'neutral', 'pronouns', 'love']",bts
909,1273,1273,nothing can come between bts jimin and astro cha eunwoo ,"['nothing', 'come', 'bts', 'jimin', 'astro', 'cha', 'eunwoo']",bts
915,1279,1279,youtuber styles husband hair like bts jimins but it doesn turn out quite as planned ,"['youtuber', 'styles', 'husband', 'hair', 'like', 'bts', 'jimins', 'turn', 'quite', 'planned']",bts
916,1280,1280,armys wished bts safe flight and accidentally ended up trending ,"['armys', 'wished', 'bts', 'safe', 'flight', 'accidentally', 'ended', 'trending']",bts
931,1295,1295,bts dropped one new song black swan but dominated the music charts with all of their old songs too ,"['bts', 'dropped', 'one', 'new', 'song', 'black', 'swan', 'dominated', 'music', 'charts', 'old', 'songs']",bts
934,1298,1298,bts is already making history with black swan being the korean song on itunes ,"['bts', 'already', 'making', 'history', 'black', 'swan', 'korean', 'song', 'itunes']",bts
941,1305,1305,ateez san cried over exclusion from bts cover as trainee but later impressed bts as an idol ,"['ateez', 'san', 'cried', 'exclusion', 'bts', 'cover', 'trainee', 'later', 'impressed', 'bts', 'idol']",bts
946,1310,1310, intriguing connections between black swan and bts past works ,"['intriguing', 'connections', 'black', 'swan', 'bts', 'past', 'works']",bts
950,1314,1314,karmys kicked off blackswanchallenge among themselves and it breaking their backs ,"['karmys', 'kicked', 'blackswanchallenge', 'among', 'breaking', 'backs']",bts
951,1315,1315,txt beomgyu reveals he and bts suga were neighbors and didn even know it ,"['txt', 'beomgyu', 'reveals', 'bts', 'suga', 'neighbors', 'even', 'know']",bts
954,1318,1318, photos from bts jungkooks predebut adventure in la blog that resurfaced ,"['photos', 'bts', 'jungkooks', 'predebut', 'adventure', 'la', 'blog', 'resurfaced']",bts
955,1319,1319,meet chaerin jungkook childhood friend who is now rookie idol ,"['meet', 'chaerin', 'jungkook', 'childhood', 'friend', 'rookie', 'idol']",bts
958,1322,1322, black swan collaborators thank bts for promoting the art of dance ,"['black', 'swan', 'collaborators', 'thank', 'bts', 'promoting', 'art', 'dance']",bts
962,1326,1326,heres undeniable proof bts jungkooks shirt buttons have the hardest job ever ,"['heres', 'undeniable', 'proof', 'bts', 'jungkooks', 'shirt', 'buttons', 'hardest', 'job', 'ever']",bts
963,1327,1327,spotify leaked an ad for bts black swan the day before its release ,"['spotify', 'leaked', 'ad', 'bts', 'black', 'swan', 'day', 'release']",bts
965,1329,1329,rm art exhibition trips show just how much connect bts means to him ,"['rm', 'art', 'exhibition', 'trips', 'show', 'much', 'connect', 'bts', 'means']",bts
967,1331,1331,koo sarang made every army jealous on stage with bts now they re showering her with these gifts too ,"['koo', 'sarang', 'made', 'every', 'army', 'jealous', 'stage', 'bts', 'showering', 'gifts']",bts
969,1333,1333,bts rm shares the real value in being that one friend who always reaches out first ,"['bts', 'rm', 'shares', 'real', 'value', 'one', 'friend', 'always', 'reaches', 'first']",bts
970,1334,1334,this is the bittersweet story behind bts black swan ,"['bittersweet', 'story', 'behind', 'bts', 'black', 'swan']",bts
973,1337,1337,subtle details from bts jungkooks tweet highlights how much he has grown as man ,"['subtle', 'details', 'bts', 'jungkooks', 'tweet', 'highlights', 'much', 'grown', 'man']",bts
978,1342,1342,bts to perform black swan on the late late show with james corden ,"['bts', 'perform', 'black', 'swan', 'late', 'late', 'show', 'james', 'corden']",bts
980,1344,1344, unique headwear items btss pulled off absolutely perfectly ,"['unique', 'headwear', 'items', 'btss', 'pulled', 'absolutely', 'perfectly']",bts
982,1346,1346,bts drops new single black swan single plus performance art film ,"['bts', 'drops', 'new', 'single', 'black', 'swan', 'single', 'plus', 'performance', 'art', 'film']",bts
986,1350,1350, times bts showed off their kind hearts that you probably missed ,"['times', 'bts', 'showed', 'kind', 'hearts', 'probably', 'missed']",bts
987,1351,1351,bts jimin gave the little girl from sbs gayo daejeon whole box of gifts ,"['bts', 'jimin', 'gave', 'little', 'girl', 'sbs', 'gayo', 'daejeon', 'whole', 'box', 'gifts']",bts
988,1352,1352,top sexiest things btss jungkook has ever worn in public ,"['top', 'sexiest', 'things', 'btss', 'jungkook', 'ever', 'worn', 'public']",bts
998,1362,1362,bts is absolute perfection wearing racing suits in formula cf ,"['bts', 'absolute', 'perfection', 'wearing', 'racing', 'suits', 'formula', 'cf']",bts
1000,1364,1364,bts v hottest voice recordings from his game night with the chosen armys ,"['bts', 'v', 'hottest', 'voice', 'recordings', 'game', 'night', 'chosen', 'armys']",bts
1009,1373,1373,bts v reveals that he working on new solo music ,"['bts', 'v', 'reveals', 'working', 'new', 'solo', 'music']",bts
1012,1376,1376, of the best bts seducesomeoneinfourwords tweets ,"['best', 'bts', 'seducesomeoneinfourwords', 'tweets']",bts
1017,1381,1381,btss album sales since debut shows just how much theyve progressed through the years ,"['btss', 'album', 'sales', 'since', 'debut', 'shows', 'much', 'theyve', 'progressed', 'years']",bts
1022,1386,1386,btss gives fans advice on how to make friends at new school ,"['btss', 'gives', 'fans', 'advice', 'make', 'friends', 'new', 'school']",bts
1027,1391,1391,queen adam lambert praises bts and congratulates them on their global success ,"['queen', 'adam', 'lambert', 'praises', 'bts', 'congratulates', 'global', 'success']",bts
1030,1394,1394,john cena talks about how he became fan of bts because of their message ,"['john', 'cena', 'talks', 'became', 'fan', 'bts', 'message']",bts
1033,1397,1397,bts v helps fan find blood donor for their ailing grandfather ,"['bts', 'v', 'helps', 'fan', 'find', 'blood', 'donor', 'ailing', 'grandfather']",bts
1040,1404,1404,legendary rock band queen applauds bts for their positive influence through music ,"['legendary', 'rock', 'band', 'queen', 'applauds', 'bts', 'positive', 'influence', 'music']",bts
1045,1409,1409,fans are confused af about the total cost for connect bts ,"['fans', 'confused', 'af', 'total', 'cost', 'connect', 'bts']",bts
1051,1415,1415,bts map of the soul album sells in pre orders ,"['bts', 'map', 'soul', 'album', 'sells', 'pre', 'orders']",bts
1056,1420,1420,starbucks korea drops new merchandise for bts collaboration ,"['starbucks', 'korea', 'drops', 'new', 'merchandise', 'bts', 'collaboration']",bts
1061,1425,1425,txt reveals how bts celebrated their mama rookie award win ,"['txt', 'reveals', 'bts', 'celebrated', 'mama', 'rookie', 'award', 'win']",bts
1063,1427,1427,actor lee yi kyung reveals how he met and became good friends with bts jin ,"['actor', 'lee', 'yi', 'kyung', 'reveals', 'met', 'became', 'good', 'friends', 'bts', 'jin']",bts
1069,1433,1433,bts jungkook picks his top ice creams and armys are calling him old man jk for it ,"['bts', 'jungkook', 'picks', 'top', 'ice', 'creams', 'armys', 'calling', 'old', 'man', 'jk']",bts
1071,1435,1435,bts jimin is mc v biggest fan and it shows ,"['bts', 'jimin', 'mc', 'v', 'biggest', 'fan', 'shows']",bts
1076,1440,1440,bts v is blowing up everyone weverse notifications again ,"['bts', 'v', 'blowing', 'everyone', 'weverse', 'notifications']",bts
1079,1443,1443,welcome to another episode of bts not knowing their own songs ,"['welcome', 'another', 'episode', 'bts', 'knowing', 'songs']",bts
1084,1448,1448,bts jin had the best reaction to his win getting revoked ,"['bts', 'jin', 'best', 'reaction', 'win', 'getting', 'revoked']",bts
1086,1450,1450,bts radiate rich ceo energy in their new formula cf ,"['bts', 'radiate', 'rich', 'ceo', 'energy', 'new', 'formula', 'cf']",bts
1098,1462,1462,singer choi yong joon thanks bts jungkook for covering his song ,"['singer', 'choi', 'yong', 'joon', 'thanks', 'bts', 'jungkook', 'covering', 'song']",bts
1104,1468,1468,bts reveals what art and music mean to them during connect bts ,"['bts', 'reveals', 'art', 'music', 'mean', 'connect', 'bts']",bts
1106,1470,1470,bts to collaborate with starbucks korea all proceeds from event to be donated ,"['bts', 'collaborate', 'starbucks', 'korea', 'proceeds', 'event', 'donated']",bts
1107,1471,1471,bts v dog tannie is the most handsome pupper you ve ever seen ,"['bts', 'v', 'dog', 'tannie', 'handsome', 'pupper', 'ever', 'seen']",bts
1114,1478,1478,meet the idol who keeps photocard of bts jhope in his wallet ,"['meet', 'idol', 'keeps', 'photocard', 'bts', 'jhope', 'wallet']",bts
1118,1482,1482,bts jungkook releases new song cover under hilarious circumstances ,"['bts', 'jungkook', 'releases', 'new', 'song', 'cover', 'hilarious', 'circumstances']",bts
1119,1483,1483,bts jungkook and are wilding on weverse but jin just wants to sleep ,"['bts', 'jungkook', 'wilding', 'weverse', 'jin', 'wants', 'sleep']",bts
1123,1487,1487,bts mc v immediately regretted volunteering for the job ,"['bts', 'mc', 'v', 'immediately', 'regretted', 'volunteering', 'job']",bts
1130,1494,1494, awards that bts stylists definitely deserve to win ,"['awards', 'bts', 'stylists', 'definitely', 'deserve', 'win']",bts
1138,1502,1502,american singer max finally meets his brother bts suga ,"['american', 'singer', 'max', 'finally', 'meets', 'brother', 'bts', 'suga']",bts
1144,1508,1508,bts finally reveals what connect bts is all about ,"['bts', 'finally', 'reveals', 'connect', 'bts']",bts
1146,1510,1510, underrated bts songs that should be listened to more ,"['underrated', 'bts', 'songs', 'listened']",bts
1149,1513,1513,bang pd answers the question what makes bts different ,"['bang', 'pd', 'answers', 'question', 'makes', 'bts', 'different']",bts
1152,1516,1516, seconds is all it takes to be swept away by bts worldwide handsome jin ,"['seconds', 'takes', 'swept', 'away', 'bts', 'worldwide', 'handsome', 'jin']",bts
1161,1525,1525,btss sends his prayers for those affected by the taal volcano disaster ,"['btss', 'sends', 'prayers', 'affected', 'taal', 'volcano', 'disaster']",bts
1166,1530,1530,bts dance lesson on twerking was complete and utter chaos ,"['bts', 'dance', 'lesson', 'twerking', 'complete', 'utter', 'chaos']",bts
1167,1531,1531,bts auctioned mics are racking up thousands of dollars for charity ,"['bts', 'auctioned', 'mics', 'racking', 'thousands', 'dollars', 'charity']",bts
1177,1541,1541,armys are all asking the same question where is connect bts ,"['armys', 'asking', 'question', 'connect', 'bts']",bts
1181,1545,1545,bts jin reported to have purchased another luxury apartment ,"['bts', 'jin', 'reported', 'purchased', 'another', 'luxury', 'apartment']",bts
1185,1549,1549,big hit entertainment grants army wish for subtitled bts content ,"['big', 'hit', 'entertainment', 'grants', 'army', 'wish', 'subtitled', 'bts', 'content']",bts
1195,1559,1559, iconic times bts experienced microphone failures ,"['iconic', 'times', 'bts', 'experienced', 'microphone', 'failures']",bts
1207,1571,1571, things we can learn from bts rm about life ,"['things', 'learn', 'bts', 'rm', 'life']",bts
1217,1581,1581, remixes of bts songs that are just as lit as the original ,"['remixes', 'bts', 'songs', 'lit', 'original']",bts
1222,1586,1586, times btss drastic size differences were captured on camera ,"['times', 'btss', 'drastic', 'size', 'differences', 'captured', 'camera']",bts
1226,1590,1590,these are each bts members harry potter hogwarts houses according to rm ,"['bts', 'members', 'harry', 'potter', 'hogwarts', 'houses', 'according', 'rm']",bts
1228,1592,1592, times suga was so soft for bts he nearly became marshmallow ,"['times', 'suga', 'soft', 'bts', 'nearly', 'became', 'marshmallow']",bts
1231,1595,1595,fans caught btss backup dancer switching loyalties mid performance ,"['fans', 'caught', 'btss', 'backup', 'dancer', 'switching', 'loyalties', 'mid', 'performance']",bts
1234,1598,1598,btss jimin left behind touching surprise gift on his flight to los angeles ,"['btss', 'jimin', 'left', 'behind', 'touching', 'surprise', 'gift', 'flight', 'los', 'angeles']",bts
1240,1604,1604,these videos of bts v most successful fanboy will make you incredibly jealous ,"['videos', 'bts', 'v', 'successful', 'fanboy', 'make', 'incredibly', 'jealous']",bts
1241,1605,1605,remember when bts jimin was first revealed to us years ago ,"['remember', 'bts', 'jimin', 'first', 'revealed', 'us', 'years', 'ago']",bts
1246,1610,1610, bts dolls that will make you say shut up and take my money ,"['bts', 'dolls', 'make', 'say', 'shut', 'take', 'money']",bts
1248,1612,1612,btss had trouble finding his parents in the crowd fans are crying ,"['btss', 'trouble', 'finding', 'parents', 'crowd', 'fans', 'crying']",bts
1261,1625,1625,armys become sherlock and identify all the places shown in bts jungkook selfie ,"['armys', 'become', 'sherlock', 'identify', 'places', 'shown', 'bts', 'jungkook', 'selfie']",bts
1266,1630,1630, more things you might have missed in bts interlude shadow comeback trailer ,"['things', 'might', 'missed', 'bts', 'interlude', 'shadow', 'comeback', 'trailer']",bts
1268,1632,1632,bts v most romantic comment left on weverse has armys losing their minds ,"['bts', 'v', 'romantic', 'comment', 'left', 'weverse', 'armys', 'losing', 'minds']",bts
1273,1637,1637,bts v takes ride on the subway station and no one knew it was him ,"['bts', 'v', 'takes', 'ride', 'subway', 'station', 'one', 'knew']",bts
1275,1639,1639,bts suga poem from past run bts episode resurfaces after release of comeback trailer ,"['bts', 'suga', 'poem', 'past', 'run', 'bts', 'episode', 'resurfaces', 'release', 'comeback', 'trailer']",bts
1294,1658,1658,bts sets new record by selling the most albums in gaon chart history ,"['bts', 'sets', 'new', 'record', 'selling', 'albums', 'gaon', 'chart', 'history']",bts
1297,1661,1661,bts is one of the biggest groups in the world not just in kpop ,"['bts', 'one', 'biggest', 'groups', 'world', 'kpop']",bts
1301,1665,1665,bts mentioned in american comic strip armys stoked for the mainstream reference ,"['bts', 'mentioned', 'american', 'comic', 'strip', 'armys', 'stoked', 'mainstream', 'reference']",bts
1316,1680,1680, bts optical illusions that played tricks on everyone eyes ,"['bts', 'optical', 'illusions', 'played', 'tricks', 'everyone', 'eyes']",bts
1317,1681,1681,bts soulmates and jimin are changing how the world sees men holding hands ,"['bts', 'soulmates', 'jimin', 'changing', 'world', 'sees', 'men', 'holding', 'hands']",bts
1318,1682,1682,bts jin was willing to wait until the end of time for selfie ,"['bts', 'jin', 'willing', 'wait', 'end', 'time', 'selfie']",bts
1320,1684,1684,bts ego comeback trailer what can we expect ,"['bts', 'ego', 'comeback', 'trailer', 'expect']",bts
1321,1685,1685,bts sugas tweet from might be the best explanation to his fear described in shadow ,"['bts', 'sugas', 'tweet', 'might', 'best', 'explanation', 'fear', 'described', 'shadow']",bts
1323,1687,1687,bts suga once said hiphop does not have aegyo only to prove himself wrong ,"['bts', 'suga', 'said', 'hiphop', 'aegyo', 'prove', 'wrong']",bts
1324,1688,1688, of bts suga darkest and most heartbreaking lyrics ,"['bts', 'suga', 'darkest', 'heartbreaking', 'lyrics']",bts
1327,1691,1691,bts shadow and persona trailers here how they connect ,"['bts', 'shadow', 'persona', 'trailers', 'connect']",bts
1328,1692,1692,bts track spring day has returned to the music charts again ,"['bts', 'track', 'spring', 'day', 'returned', 'music', 'charts']",bts
1330,1694,1694,btss shadow trailer might be referencing sugas predebut accident ,"['btss', 'shadow', 'trailer', 'might', 'referencing', 'sugas', 'predebut', 'accident']",bts
1337,1701,1701,bts dna mv hits million views and its the first kpop boy group mv to do so ,"['bts', 'dna', 'mv', 'hits', 'million', 'views', 'first', 'kpop', 'boy', 'group', 'mv']",bts
1341,1705,1705,these rising rookie hoobaes look up to bts v as their role model ,"['rising', 'rookie', 'hoobaes', 'look', 'bts', 'v', 'role', 'model']",bts
1342,1706,1706,justin bieber thanks bts jungkook for promoting his new song ,"['justin', 'bieber', 'thanks', 'bts', 'jungkook', 'promoting', 'new', 'song']",bts
1343,1707,1707,everything you need to know about the door in bts shadow comeback trailer ,"['everything', 'need', 'know', 'door', 'bts', 'shadow', 'comeback', 'trailer']",bts
1353,1717,1717,bts v was ready to give up his favorite thing in the world all for little kid ,"['bts', 'v', 'ready', 'give', 'favorite', 'thing', 'world', 'little', 'kid']",bts
1355,1719,1719,what happens to bts jimin when he is in great mood well his personality explodes ,"['happens', 'bts', 'jimin', 'great', 'mood', 'well', 'personality', 'explodes']",bts
1365,1729,1729,dr phil receives backlash for calling bts jimin manufactured ,"['dr', 'phil', 'receives', 'backlash', 'calling', 'bts', 'jimin', 'manufactured']",bts
1370,1734,1734,oli london reveals which surgeries he had to look like bts jimin ,"['oli', 'london', 'reveals', 'surgeries', 'look', 'like', 'bts', 'jimin']",bts
1372,1736,1736,dr phil encourages bts jimin superfan oli london to love himself ,"['dr', 'phil', 'encourages', 'bts', 'jimin', 'superfan', 'oli', 'london', 'love']",bts
1375,1739,1739,bts webtoon may have dropped spoilers for map of the soul ,"['bts', 'webtoon', 'may', 'dropped', 'spoilers', 'map', 'soul']",bts
1379,1743,1743,nobody is more hyped for bts shadow than jimin ,"['nobody', 'hyped', 'bts', 'shadow', 'jimin']",bts
1383,1747,1747, things you might have missed in bts shadow comeback trailer ,"['things', 'might', 'missed', 'bts', 'shadow', 'comeback', 'trailer']",bts
1390,1754,1754,bts drops shadow comeback trailer for new album map of the soul ,"['bts', 'drops', 'shadow', 'comeback', 'trailer', 'new', 'album', 'map', 'soul']",bts
1391,1755,1755,bts jungkook self hairstyling is the cutest thing you ll see today ,"['bts', 'jungkook', 'self', 'hairstyling', 'cutest', 'thing', 'see', 'today']",bts
1396,1760,1760, bts dance moves that will have you wrecked ,"['bts', 'dance', 'moves', 'wrecked']",bts
1405,1769,1769,here how fan are preparing for bts comeback ,"['fan', 'preparing', 'bts', 'comeback']",bts
1408,1772,1772,suga made cry for over minutes after sending him this message ,"['suga', 'made', 'cry', 'minutes', 'sending', 'message']",bts
1415,1779,1779, times bts suga was so done with receiving v love and affection ,"['times', 'bts', 'suga', 'done', 'receiving', 'v', 'love', 'affection']",bts
1423,1787,1787, of bts jungkook original art pieces that deserve to be in gallery ,"['bts', 'jungkook', 'original', 'art', 'pieces', 'deserve', 'gallery']",bts
1426,1790,1790, times bts friendship with halsey brightened everybody day ,"['times', 'bts', 'friendship', 'halsey', 'brightened', 'everybody', 'day']",bts
1431,1795,1795,temporary bts jungkook tattoos are being sold in japan ,"['temporary', 'bts', 'jungkook', 'tattoos', 'sold', 'japan']",bts
1435,1799,1799,this hidden message in bts comeback map will blow your mind ,"['hidden', 'message', 'bts', 'comeback', 'map', 'blow', 'mind']",bts
1437,1801,1801,bts jimin was the perfect partner in crime for v plan ,"['bts', 'jimin', 'perfect', 'partner', 'crime', 'v', 'plan']",bts
1441,1805,1805,bts drops release schedule for new album comeback trailer details ,"['bts', 'drops', 'release', 'schedule', 'new', 'album', 'comeback', 'trailer', 'details']",bts
1446,1810,1810,president moon jae in claims the saudi crown prince begged to see bts ,"['president', 'moon', 'jae', 'claims', 'saudi', 'crown', 'prince', 'begged', 'see', 'bts']",bts
1447,1811,1811,bts releases new details for map of the soul album ,"['bts', 'releases', 'new', 'details', 'map', 'soul', 'album']",bts
1448,1812,1812,bts superfan marries cardboard cutout of jimin in las vegas ,"['bts', 'superfan', 'marries', 'cardboard', 'cutout', 'jimin', 'las', 'vegas']",bts
1466,1830,1830,bts rumored to perform at the grammy awards ,"['bts', 'rumored', 'perform', 'grammy', 'awards']",bts
1468,1832,1832,here are records bts could possibly break with upcoming album release ,"['records', 'bts', 'could', 'possibly', 'break', 'upcoming', 'album', 'release']",bts
1471,1835,1835,fans are touched by bts jimin kind gestures at the th golden disc awards ,"['fans', 'touched', 'bts', 'jimin', 'kind', 'gestures', 'th', 'golden', 'disc', 'awards']",bts
1474,1838,1838,filipina actress jokes that she is sasaeng fan of bts and armys are not happy ,"['filipina', 'actress', 'jokes', 'sasaeng', 'fan', 'bts', 'armys', 'happy']",bts
1475,1839,1839,twitter is on fire after news dropped for bts comeback this february ,"['twitter', 'fire', 'news', 'dropped', 'bts', 'comeback', 'february']",bts
1479,1843,1843,everyone missed bts v comeback spoiler except rm and jimin ,"['everyone', 'missed', 'bts', 'v', 'comeback', 'spoiler', 'except', 'rm', 'jimin']",bts
1482,1846,1846,bts jungkook revealed another part of his tattoo to army ,"['bts', 'jungkook', 'revealed', 'another', 'part', 'tattoo', 'army']",bts
1483,1847,1847,pengsoo answers questions about bts and which member is his favorite ,"['pengsoo', 'answers', 'questions', 'bts', 'member', 'favorite']",bts
1485,1849,1849, map of the soul theories that will get you hyped for bts comeback ,"['map', 'soul', 'theories', 'get', 'hyped', 'bts', 'comeback']",bts
1490,1854,1854,bts deleted tweet is driving fans bananas in the best way ,"['bts', 'deleted', 'tweet', 'driving', 'fans', 'bananas', 'best', 'way']",bts
1494,1858,1858,bts jungkook apology to fans is breaking their hearts ,"['bts', 'jungkook', 'apology', 'fans', 'breaking', 'hearts']",bts
1495,1859,1859,bts announces comeback date for map of the soul ,"['bts', 'announces', 'comeback', 'date', 'map', 'soul']",bts
1498,1862,1862,here the story behind younha and bts rm winter flower collaboration ,"['story', 'behind', 'younha', 'bts', 'rm', 'winter', 'flower', 'collaboration']",bts
1500,1864,1864,bts superfan oli london to appear on dr phil ,"['bts', 'superfan', 'oli', 'london', 'appear', 'dr', 'phil']",bts
1503,1867,1867,shinsegae backs down in dispute against bighit over the copyright to bts ,"['shinsegae', 'backs', 'dispute', 'bighit', 'copyright', 'bts']",bts
1505,1869,1869,sugas story about gdragon reveals how much bts have changed ,"['sugas', 'story', 'gdragon', 'reveals', 'much', 'bts', 'changed']",bts
1506,1870,1870, hilarious times bts tested leader rms patience ,"['hilarious', 'times', 'bts', 'tested', 'leader', 'rms', 'patience']",bts
1508,1872,1872, times bts and jimins relationship was too cute for words ,"['times', 'bts', 'jimins', 'relationship', 'cute', 'words']",bts
1509,1873,1873,top most emotional lyrics from bts songs ,"['top', 'emotional', 'lyrics', 'bts', 'songs']",bts
1521,1885,1885,bighit claims shinsegae is trying to steal the copyright to bts ,"['bighit', 'claims', 'shinsegae', 'trying', 'steal', 'copyright', 'bts']",bts
1525,1889,1889,netizens cant stop talking about bts jungkooks gesture about han ye seuls nose ring ,"['netizens', 'cant', 'stop', 'talking', 'bts', 'jungkooks', 'gesture', 'han', 'ye', 'seuls', 'nose', 'ring']",bts
1527,1891,1891,ailee gushes about bts jimin and reveals she wanted to collaborate since his debut ,"['ailee', 'gushes', 'bts', 'jimin', 'reveals', 'wanted', 'collaborate', 'since', 'debut']",bts
1561,1925,1925,kim tae hee names bts and super junior as kpop groups that gave her strength ,"['kim', 'tae', 'hee', 'names', 'bts', 'super', 'junior', 'kpop', 'groups', 'gave', 'strength']",bts
1563,1927,1927,director bong joon ho praises bts power and influence at the golden globes ,"['director', 'bong', 'joon', 'ho', 'praises', 'bts', 'power', 'influence', 'golden', 'globes']",bts
1566,1930,1930,fans are upset that bts jhope wasn given the chance to speak after receiving the award ,"['fans', 'upset', 'bts', 'jhope', 'given', 'chance', 'speak', 'receiving', 'award']",bts
1569,1933,1933,here why bts continues to be world class group according to manner coach ,"['bts', 'continues', 'world', 'class', 'group', 'according', 'manner', 'coach']",bts
1576,1940,1940,bts blesses one another during the th golden disc awards red carpet event ,"['bts', 'blesses', 'one', 'another', 'th', 'golden', 'disc', 'awards', 'red', 'carpet', 'event']",bts
1578,1942,1942,bts jimin couldn resist pengsoo charms as he went in for that back hug ,"['bts', 'jimin', 'resist', 'pengsoo', 'charms', 'went', 'back', 'hug']",bts
1579,1943,1943,bts is the only asian artist to be listed on the top best selling artists of the ,"['bts', 'asian', 'artist', 'listed', 'top', 'best', 'selling', 'artists']",bts
1584,1948,1948,bts jin is warming the hearts of many with kind gesture towards ,"['bts', 'jin', 'warming', 'hearts', 'many', 'kind', 'gesture', 'towards']",bts
1586,1950,1950,foreign former sasaeng confessed the lengths she went to in order to get close to bts ,"['foreign', 'former', 'sasaeng', 'confessed', 'lengths', 'went', 'order', 'get', 'close', 'bts']",bts
1594,1958,1958,bts jimin knows exactly what the big camera goddesses want ,"['bts', 'jimin', 'knows', 'exactly', 'big', 'camera', 'goddesses', 'want']",bts
1596,1960,1960,bts v embracing youtube star pengsoo is the softest thing you ll see this week ,"['bts', 'v', 'embracing', 'youtube', 'star', 'pengsoo', 'softest', 'thing', 'see', 'week']",bts
1599,1963,1963,bts rm speaks up about chart manipulation at the th golden disc awards ,"['bts', 'rm', 'speaks', 'chart', 'manipulation', 'th', 'golden', 'disc', 'awards']",bts
1609,1973,1973,bts v accidentally fell on his knees at the golden disc awards and jin did this to save him ,"['bts', 'v', 'accidentally', 'fell', 'knees', 'golden', 'disc', 'awards', 'jin', 'save']",bts
1619,1983,1983, most visually pleasing moments in bts jimin dionysus choreography ,"['visually', 'pleasing', 'moments', 'bts', 'jimin', 'dionysus', 'choreography']",bts
1620,1984,1984,reporters choose their best bts moments of ,"['reporters', 'choose', 'best', 'bts', 'moments']",bts
1624,1988,1988,bts jungkook dancing skills is the product of talent and hard work ,"['bts', 'jungkook', 'dancing', 'skills', 'product', 'talent', 'hard', 'work']",bts
1626,1990,1990,bts jungkook mma mask performance to be played in exhibition by unesco ,"['bts', 'jungkook', 'mma', 'mask', 'performance', 'played', 'exhibition', 'unesco']",bts
1629,1993,1993,chinese armys support bts jimin through tv ad during golden disk awards ,"['chinese', 'armys', 'support', 'bts', 'jimin', 'tv', 'ad', 'golden', 'disk', 'awards']",bts
1630,1994,1994,bts korean fans begin translation project for international armys ,"['bts', 'korean', 'fans', 'begin', 'translation', 'project', 'international', 'armys']",bts
1636,2000,2000,bts rm startles when he forgets all about their choreography ,"['bts', 'rm', 'startles', 'forgets', 'choreography']",bts
1653,2017,2017, times bts jungkook made us ugly cry over his baby tears in ,"['times', 'bts', 'jungkook', 'made', 'us', 'ugly', 'cry', 'baby', 'tears']",bts
1655,2019,2019,bts jungkook is still living in the fake love era ,"['bts', 'jungkook', 'still', 'living', 'fake', 'love', 'era']",bts
1656,2020,2020,december was an excellent month for bts jin stans thanks to his forehead ,"['december', 'excellent', 'month', 'bts', 'jin', 'stans', 'thanks', 'forehead']",bts
1657,2021,2021,nobody was feeling usher yeah more than bts ,"['nobody', 'feeling', 'usher', 'yeah', 'bts']",bts
1658,2022,2022,bts jimin moves vs jhopes comparison only to prove they re both irreplaceable ,"['bts', 'jimin', 'moves', 'vs', 'jhopes', 'comparison', 'prove', 'irreplaceable']",bts
1661,2025,2025,bts rm apologized for wearing glasses but that nerdy rm is everything we ever wanted ,"['bts', 'rm', 'apologized', 'wearing', 'glasses', 'nerdy', 'rm', 'everything', 'ever', 'wanted']",bts
1665,2029,2029,bts shares hilarious details about rm backstage workouts ,"['bts', 'shares', 'hilarious', 'details', 'rm', 'backstage', 'workouts']",bts
1668,2032,2032,bts jhope reveals what kind of music he wants to make in ,"['bts', 'jhope', 'reveals', 'kind', 'music', 'wants', 'make']",bts
1669,2033,2033,bts jin hit announces his new year resolution for ,"['bts', 'jin', 'hit', 'announces', 'new', 'year', 'resolution']",bts
1671,2035,2035,bts jungkook unleashed the artist in him when he gifted jhope custom made shoes ,"['bts', 'jungkook', 'unleashed', 'artist', 'gifted', 'jhope', 'custom', 'made', 'shoes']",bts
1683,2047,2047,bts v smile dropped when he realized he posed cutely for nothing ,"['bts', 'v', 'smile', 'dropped', 'realized', 'posed', 'cutely', 'nothing']",bts
1686,2050,2050,bts jhope wanted to be fairy but jimin wasn ready to hand over the title just yet ,"['bts', 'jhope', 'wanted', 'fairy', 'jimin', 'ready', 'hand', 'title', 'yet']",bts
1691,2055,2055,bts jimin nicknamed jimonashi after his new year rockin eve wardrobe malfunction ,"['bts', 'jimin', 'nicknamed', 'jimonashi', 'new', 'year', 'rockin', 'eve', 'wardrobe', 'malfunction']",bts
1695,2059,2059, bon voyage just proved bts v without shirt is exponentially hotter than with shirt ,"['bon', 'voyage', 'proved', 'bts', 'v', 'without', 'shirt', 'exponentially', 'hotter', 'shirt']",bts
1711,2075,2075, rare pictures of bts new army probably never seen before ,"['rare', 'pictures', 'bts', 'new', 'army', 'probably', 'never', 'seen']",bts
1722,2086,2086,suga was becoming btss second muscle pig but one thing stopped him ,"['suga', 'becoming', 'btss', 'second', 'muscle', 'pig', 'one', 'thing', 'stopped']",bts
1730,2094,2094,bts suga and jimin played who who at the airport again ,"['bts', 'suga', 'jimin', 'played', 'airport']",bts
1735,2099,2099,bts v became real life cinderella at the airport ,"['bts', 'v', 'became', 'real', 'life', 'cinderella', 'airport']",bts
1739,2103,2103,heres how btss dorms have changed over the years ,"['heres', 'btss', 'dorms', 'changed', 'years']",bts
1741,2105,2105,here are all things jungkook is golden at ,"['things', 'jungkook', 'golden']",bts
1743,2107,2107,bts opened up about the possibility of dating with their hectic schedules ,"['bts', 'opened', 'possibility', 'dating', 'hectic', 'schedules']",bts
1747,2111,2111,bts named as one of the defining artists of the decade by cnn ,"['bts', 'named', 'one', 'defining', 'artists', 'decade', 'cnn']",bts
1751,2115,2115, iconic times bts was rebellious af and fans loved it ,"['iconic', 'times', 'bts', 'rebellious', 'af', 'fans', 'loved']",bts
1754,2118,2118,bts unexpectedly shows the importance of seating positions during live broadcasts ,"['bts', 'unexpectedly', 'shows', 'importance', 'seating', 'positions', 'live', 'broadcasts']",bts
1763,2127,2127,btss jungkook stole hearts in his new years eve outfit ,"['btss', 'jungkook', 'stole', 'hearts', 'new', 'years', 'eve', 'outfit']",bts
1765,2129,2129,bts v showed his appreciation towards armys after seeing his birthday ad ,"['bts', 'v', 'showed', 'appreciation', 'towards', 'armys', 'seeing', 'birthday', 'ad']",bts
1768,2132,2132,bts wishes armys happy new year with heartfelt messages ,"['bts', 'wishes', 'armys', 'happy', 'new', 'year', 'heartfelt', 'messages']",bts
1771,2135,2135,armys think this girl could be bts jhope twin looking at her dancing skills ,"['armys', 'think', 'girl', 'could', 'bts', 'jhope', 'twin', 'looking', 'dancing', 'skills']",bts
1772,2136,2136,bts v hopes to release new music sometime in the near future ,"['bts', 'v', 'hopes', 'release', 'new', 'music', 'sometime', 'near', 'future']",bts
1774,2138,2138,bts rm expresses his sincerity and gratitude in new year message to fans ,"['bts', 'rm', 'expresses', 'sincerity', 'gratitude', 'new', 'year', 'message', 'fans']",bts
1775,2139,2139,bts removed the alone in post malone during the new year countdown ,"['bts', 'removed', 'alone', 'post', 'malone', 'new', 'year', 'countdown']",bts
1776,2140,2140,john cena showed off his impressive korean in an interview about bts ,"['john', 'cena', 'showed', 'impressive', 'korean', 'interview', 'bts']",bts
1787,2151,2151,karas han seungyeon had crush on bts jimin and all of korea found out ,"['karas', 'han', 'seungyeon', 'crush', 'bts', 'jimin', 'korea', 'found']",bts
